beta_U,infection_density,awareness_density
0.0,8.150000000000002e-05,0.0001005
0.02,8.175e-05,9.95e-05
0.04,7.950000000000002e-05,9.95e-05
0.06,7.25e-05,9.375000000000002e-05
0.08,6.700000000000002e-05,9.025000000000001e-05
0.1,7.025000000000001e-05,9.025000000000001e-05
0.12,6.175000000000001e-05,8.675000000000002e-05
0.14,0.00529025,0.0068352499999999984
0.16,0.1316095,0.17835075000000003
0.18,0.19741425000000004,0.27238100000000004
0.2,0.24916775000000002,0.34635725
0.22,0.2933155,0.40778075
0.24,0.34027625,0.471362
0.26,0.37145575000000003,0.51143275
0.28,0.405334,0.5547629999999999
0.3,0.4331507499999999,0.58882925
0.32,0.4553215,0.61546775
0.34,0.47351324999999994,0.636224
0.36,0.48790375,0.65216725
0.38,0.50156575,0.6667385
0.4,0.5126237499999999,0.67844675
0.42,0.5239855,0.69012175
0.44,0.5366044999999999,0.703694
0.46,0.544681,0.711861
0.48,0.55233925,0.7193199999999998
0.5,0.55966275,0.7268402500000001
0.52,0.5654577500000001,0.7324192500000001
0.54,0.5714275,0.73814025
0.56,0.5768800000000001,0.7434602499999999
0.58,0.58202025,0.74801225
0.6,0.5865290000000001,0.7522975
0.62,0.59056075,0.7563639999999999
0.64,0.59460875,0.7598545000000001
0.66,0.597911,0.76322775
0.68,0.60136175,0.7663182499999999
0.7000000000000001,0.603747,0.7686765
0.72,0.6065480000000001,0.77129925
0.74,0.60931275,0.7735875000000001
0.76,0.6113514999999999,0.77587825
0.78,0.6135944999999999,0.7775065000000001
0.8,0.61579425,0.779513
0.8200000000000001,0.61764775,0.7809707500000002
0.84,0.6188765,0.7824952500000001
0.86,0.6206477499999999,0.7838040000000001
0.88,0.62177375,0.7849912499999999
0.9,0.622919,0.7861407500000002
0.92,0.62452425,0.78737175
0.9400000000000001,0.6254195,0.78805025
0.96,0.62629925,0.7890537499999999
0.98,0.6274854999999999,0.7899160000000001
1.0,0.6283420000000001,0.7906587500000001
