beta_U,infection_density,awareness_density
0.0,1.7324272922341455e-12,2.3789477379767763e-12
0.02,3.733905454907795e-11,4.687069919363476e-11
0.04,1.3968830873066977e-10,1.6664354709669924e-10
0.06,0.0417993882628382,0.051654323668304046
0.08,0.10714884945415416,0.14287975178166093
0.1,0.1617728329977922,0.22729339652685204
0.12,0.20693325422079525,0.2992122371612974
0.14,0.24503282502523255,0.3586951795040117
0.16,0.2778670161785716,0.40782107591749894
0.18,0.3066093262822133,0.4487696889533531
0.2,0.33205216563780854,0.4833191462581373
0.22,0.3547642171511869,0.5128248744599051
0.24,0.37517468220738737,0.538304942858607
0.26,0.39361916812064396,0.5605271817825312
0.28,0.41036662808621827,0.580077182605168
0.3,0.42563649524032954,0.5974076364557599
0.32,0.43961031138362006,0.6128734137708776
0.34,0.45243999647277733,0.6267564843051189
0.36,0.4642539234897039,0.6392837495825172
0.38,0.4751614869583196,0.6506399437255314
0.4,0.48525660193819836,0.6609770841825348
0.42,0.4946204252510123,0.6704214862777357
0.44,0.5033235006258152,0.6790790381123292
0.46,0.511427470545712,0.6870392180477167
0.48,0.5189864574743626,0.6943781917597996
0.5,0.5260481895028228,0.7011612270944906
0.52,0.5326549258673404,0.707444596996763
0.54,0.538844223965677,0.7132770937852544
0.56,0.5446495794323952,0.7187012450091328
0.58,0.5501009636225006,0.7237542978196723
0.6,0.5552252774026776,0.7284690219782891
0.62,0.5600467362104053,0.7328743695417286
0.64,0.5645871982600678,0.7369960203237091
0.66,0.5688664454679637,0.7408568356465933
0.68,0.5729024248457874,0.7444772379360518
0.7000000000000001,0.5767114567142677,0.7478755299874845
0.72,0.580308414914076,0.7510681648173587
0.74,0.5837068833315253,0.754069974856032
0.76,0.5869192922940156,0.7568943674770394
0.78,0.5899570378046519,0.7595534925337016
0.8,0.5928305860914126,0.7620583864872463
0.8200000000000001,0.5955495655590535,0.764419096896217
0.84,0.5981228478802736,0.7666447903260445
0.86,0.6005586197163323,0.7687438462325727
0.88,0.6028644463004553,0.7707239389025662
0.9,0.6050473279682883,0.7725921092190328
0.92,0.6071137505006436,0.7743548276700893
0.9400000000000001,0.6090697301001678,0.7760180498739375
0.96,0.6109208536207136,0.7775872656018896
0.98,0.6126723146468638,0.779067542199122
1.0,0.6143289458926603,0.7804635631129321
